step_id,step_correct_ratio,step_discussions_count,step_has_submissions_restrictions,step_is_solutions_unlocked,lesson_id,step_max_submissions_count,step_passed_by,step_position,step_solutions_unlocked_attempts,step_variation,step_variations_count,step_viewed_by,step_worth,step_actions.submit_#,step_block.name,step_block.options.code_templates_header_lines_count.r,step_block.options.execution_memory_limit,step_block.options.execution_time_limit,step_block.options.is_multiple_choice,step_block.options.is_run_user_code_allowed,step_block.options.limits.r.memory,step_block.options.limits.r.time,step_block.video.duration,assignment_id,unit_id,unit_position,section_id,section_position,section_title,lesson_abuse_count,lesson_discussions_count,lesson_epic_count,lesson_passed_by,lesson_time_to_complete,lesson_title,lesson_viewed_by,lesson_vote_delta
32815,,21,False,False,11915,3,18716,1,3,1,1,18716,0,0,text,,,,,,,,,18938,2712,1,364,1,Предобработка данных,9,2306,179,301,149,Общая информация о курсе,18716,170
32811,,1,False,False,11915,3,14936,2,3,1,1,14936,0,0,text,,,,,,,,,18939,2712,1,364,1,Предобработка данных,9,2306,179,301,149,Общая информация о курсе,18716,170
32929,0.9894405751516513,3,False,False,11915,3,13073,3,3,1,1,14599,1,1,choice,,,,False,,,,,19032,2712,1,364,1,Предобработка данных,9,2306,179,301,149,Общая информация о курсе,18716,170
32814,,4,False,False,11915,3,14348,4,3,1,1,14348,0,0,text,,,,,,,,,18940,2712,1,364,1,Предобработка данных,9,2306,179,301,149,Общая информация о курсе,18716,170
32812,0.6622661678246927,8,False,False,11915,3,12207,5,3,1,1,13956,1,1,choice,,,,True,,,,,18941,2712,1,364,1,Предобработка данных,9,2306,179,301,149,Общая информация о курсе,18716,170
32816,,22,False,False,11915,3,14082,6,3,1,1,14082,0,0,text,,,,,,,,,18942,2712,1,364,1,Предобработка данных,9,2306,179,301,149,Общая информация о курсе,18716,170
32930,,2164,False,False,11915,3,13567,7,3,1,1,13567,0,0,text,,,,,,,,,19033,2712,1,364,1,Предобработка данных,9,2306,179,301,149,Общая информация о курсе,18716,170
32979,,83,False,False,11915,3,13429,8,3,1,1,13429,0,0,text,,,,,,,,,19087,2712,1,364,1,Предобработка данных,9,2306,179,301,149,Общая информация о курсе,18716,170
705165,,0,False,False,11915,3,301,9,3,1,1,301,0,0,text,,,,,,,,,586727,2712,1,364,1,Предобработка данных,9,2306,179,301,149,Общая информация о курсе,18716,170
32927,,33,False,False,11477,3,15156,1,3,1,1,15156,0,0,text,,,,,,,,,19030,2519,2,364,1,Предобработка данных,36,424,469,7725,4523,Переменные,15156,433
32191,,18,False,False,11477,3,13785,2,3,1,1,13785,0,0,video,,,,,,,,175.0,18604,2519,2,364,1,Предобработка данных,36,424,469,7725,4523,Переменные,15156,433
31956,,15,False,False,11477,3,12181,3,3,1,1,12181,0,0,video,,,,,,,,262.0,18402,2519,2,364,1,Предобработка данных,36,424,469,7725,4523,Переменные,15156,433
31955,,10,False,False,11477,3,11526,4,3,1,1,11526,0,0,video,,,,,,,,216.0,18403,2519,2,364,1,Предобработка данных,36,424,469,7725,4523,Переменные,15156,433
120745,0.783225044300059,12,False,False,11477,3,7725,5,3,1,1,9255,1,1,code,0.0,256.0,5.0,,True,256.0,8.0,,73082,2519,2,364,1,Предобработка данных,36,424,469,7725,4523,Переменные,15156,433
32219,0.6518966960778,37,False,False,11477,3,9836,6,3,1,1,11259,1,1,code,5.0,256.0,5.0,,True,256.0,8.0,,18702,2519,2,364,1,Предобработка данных,36,424,469,7725,4523,Переменные,15156,433
31977,0.5344506517690876,28,False,False,11477,3,9682,7,3,1,1,10843,1,1,code,11.0,256.0,5.0,,True,256.0,8.0,,18420,2519,2,364,1,Предобработка данных,36,424,469,7725,4523,Переменные,15156,433
31957,,7,False,False,11477,3,10701,8,3,1,1,10701,0,0,video,,,,,,,,155.0,18404,2519,2,364,1,Предобработка данных,36,424,469,7725,4523,Переменные,15156,433
31959,,15,False,False,11477,3,10422,9,3,1,1,10422,0,0,video,,,,,,,,257.0,18405,2519,2,364,1,Предобработка данных,36,424,469,7725,4523,Переменные,15156,433
31976,0.5225523728088927,28,False,False,11477,3,9399,10,3,1,1,10240,1,1,code,3.0,256.0,5.0,,True,256.0,8.0,,18419,2519,2,364,1,Предобработка данных,36,424,469,7725,4523,Переменные,15156,433
31972,0.4292001616742264,36,False,False,11477,3,9269,11,3,1,1,10037,1,1,code,7.0,256.0,5.0,,True,256.0,8.0,,18418,2519,2,364,1,Предобработка данных,36,424,469,7725,4523,Переменные,15156,433
31958,,7,False,False,11477,3,10082,12,3,1,1,10082,0,0,video,,,,,,,,243.0,18406,2519,2,364,1,Предобработка данных,36,424,469,7725,4523,Переменные,15156,433
31960,,18,False,False,11477,3,9892,13,3,1,1,9892,0,0,video,,,,,,,,582.0,18407,2519,2,364,1,Предобработка данных,36,424,469,7725,4523,Переменные,15156,433
31971,0.4895942821105739,33,False,False,11477,3,8988,14,3,1,1,9740,1,1,code,7.0,256.0,5.0,,True,256.0,5.0,,18417,2519,2,364,1,Предобработка данных,36,424,469,7725,4523,Переменные,15156,433
31961,,18,False,False,11477,3,9751,15,3,1,1,9751,0,0,video,,,,,,,,478.0,18408,2519,2,364,1,Предобработка данных,36,424,469,7725,4523,Переменные,15156,433
31978,0.30144889095189153,109,False,False,11477,3,8468,16,3,1,1,9813,1,1,code,5.0,256.0,5.0,,True,256.0,5.0,,18421,2519,2,364,1,Предобработка данных,36,424,469,7725,4523,Переменные,15156,433
32950,,18,False,False,11481,3,10675,1,3,1,1,10675,0,0,text,,,,,,,,,19051,2523,3,364,1,Предобработка данных,32,278,370,5326,4172,Работа с data frame,10675,338
120744,,1,False,False,11481,3,7229,2,3,1,1,7229,0,0,text,,,,,,,,,73081,2523,3,364,1,Предобработка данных,32,278,370,5326,4172,Работа с data frame,10675,338
32176,,35,False,False,11481,3,9475,3,3,1,1,9475,0,0,video,,,,,,,,709.0,18592,2523,3,364,1,Предобработка данных,32,278,370,5326,4172,Работа с data frame,10675,338
32197,,12,False,False,11481,3,8888,4,3,1,1,8888,0,0,video,,,,,,,,764.0,18610,2523,3,364,1,Предобработка данных,32,278,370,5326,4172,Работа с data frame,10675,338
32177,,10,False,False,11481,3,8511,5,3,1,1,8511,0,0,video,,,,,,,,490.0,18593,2523,3,364,1,Предобработка данных,32,278,370,5326,4172,Работа с data frame,10675,338
33272,,7,False,False,11481,3,8270,6,3,1,1,8270,0,0,text,,,,,,,,,19218,2523,3,364,1,Предобработка данных,32,278,370,5326,4172,Работа с data frame,10675,338
32031,0.26307922272047835,95,False,False,11481,3,7016,7,3,1,1,8555,1,1,code,2.0,256.0,5.0,,True,256.0,5.0,,18451,2523,3,364,1,Предобработка данных,32,278,370,5326,4172,Работа с data frame,10675,338
32173,0.3766493813215588,46,False,False,11481,3,6989,8,3,1,1,8024,1,1,code,2.0,256.0,5.0,,True,256.0,5.0,,18589,2523,3,364,1,Предобработка данных,32,278,370,5326,4172,Работа с data frame,10675,338
32174,0.3934959349593496,39,False,False,11481,3,6956,9,3,1,1,7890,1,1,code,2.0,256.0,5.0,,True,256.0,5.0,,18590,2523,3,364,1,Предобработка данных,32,278,370,5326,4172,Работа с data frame,10675,338
32175,0.9185599006828057,8,False,False,11481,3,7275,10,3,1,1,7885,1,1,choice,,,,False,,,,,18591,2523,3,364,1,Предобработка данных,32,278,370,5326,4172,Работа с data frame,10675,338
158432,,7,False,False,11481,3,5326,11,3,1,1,5326,0,0,text,,,,,,,,,104293,2523,3,364,1,Предобработка данных,32,278,370,5326,4172,Работа с data frame,10675,338
32953,,2,False,False,11478,3,8579,1,3,1,1,8579,0,0,text,,,,,,,,,19054,2520,4,364,1,Предобработка данных,69,400,190,4578,4674,Элементы синтаксиса,8579,121
32195,,21,False,False,11478,3,7773,2,3,1,1,7773,0,0,video,,,,,,,,275.0,18608,2520,4,364,1,Предобработка данных,69,400,190,4578,4674,Элементы синтаксиса,8579,121
32196,,22,False,False,11478,3,7497,3,3,1,1,7497,0,0,video,,,,,,,,533.0,18609,2520,4,364,1,Предобработка данных,69,400,190,4578,4674,Элементы синтаксиса,8579,121
32075,0.3011248791633711,43,False,False,11478,3,6536,4,3,1,1,7473,1,1,code,2.0,256.0,5.0,,True,256.0,5.0,,18467,2520,4,364,1,Предобработка данных,69,400,190,4578,4674,Элементы синтаксиса,8579,121
32198,0.37581790727587944,53,False,False,11478,3,6495,5,3,1,1,7176,1,1,code,4.0,256.0,5.0,,True,256.0,5.0,,18611,2520,4,364,1,Предобработка данных,69,400,190,4578,4674,Элементы синтаксиса,8579,121
32202,0.24644644644644645,151,False,False,11478,3,5734,6,3,1,1,7245,1,1,code,2.0,256.0,5.0,,True,256.0,5.0,,18612,2520,4,364,1,Предобработка данных,69,400,190,4578,4674,Элементы синтаксиса,8579,121
32206,0.28034107553881565,105,False,False,11478,3,5035,7,3,1,1,7085,1,1,code,2.0,256.0,5.0,,True,256.0,5.0,,18613,2520,4,364,1,Предобработка данных,69,400,190,4578,4674,Элементы синтаксиса,8579,121
158433,,3,False,False,11478,3,4578,8,3,1,1,4578,0,0,text,,,,,,,,,104294,2520,4,364,1,Предобработка данных,69,400,190,4578,4674,Элементы синтаксиса,8579,121
32946,,3,False,False,11479,3,8123,1,3,1,1,8123,0,0,text,,,,,,,,,19046,2521,5,364,1,Предобработка данных,28,288,223,4859,6385,Описательные статистики,8123,195
32171,,2,False,False,11479,3,7196,2,3,1,1,7196,0,0,video,,,,,,,,21.0,18588,2521,5,364,1,Предобработка данных,28,288,223,4859,6385,Описательные статистики,8123,195
32178,,6,False,False,11479,3,7028,3,3,1,1,7028,0,0,video,,,,,,,,202.0,18594,2521,5,364,1,Предобработка данных,28,288,223,4859,6385,Описательные статистики,8123,195
32180,,2,False,False,11479,3,6845,4,3,1,1,6845,0,0,video,,,,,,,,314.0,18595,2521,5,364,1,Предобработка данных,28,288,223,4859,6385,Описательные статистики,8123,195
31983,0.5340495581355051,19,False,False,11479,3,6001,5,3,1,1,6882,1,1,code,2.0,256.0,5.0,,True,256.0,5.0,,18424,2521,5,364,1,Предобработка данных,28,288,223,4859,6385,Описательные статистики,8123,195
32215,,14,False,False,11479,3,6771,6,3,1,1,6771,0,0,video,,,,,,,,590.0,18701,2521,5,364,1,Предобработка данных,28,288,223,4859,6385,Описательные статистики,8123,195
31979,0.38975356679636836,17,False,False,11479,3,5743,7,3,1,1,6509,1,1,code,2.0,256.0,5.0,,True,256.0,5.0,,18422,2521,5,364,1,Предобработка данных,28,288,223,4859,6385,Описательные статистики,8123,195
32181,,28,False,False,11479,3,6444,8,3,1,1,6444,0,0,video,,,,,,,,202.0,18596,2521,5,364,1,Предобработка данных,28,288,223,4859,6385,Описательные статистики,8123,195
32179,,7,False,False,11479,3,6291,9,3,1,1,6291,0,0,video,,,,,,,,385.0,18597,2521,5,364,1,Предобработка данных,28,288,223,4859,6385,Описательные статистики,8123,195
32182,,5,False,False,11479,3,6213,10,3,1,1,6213,0,0,video,,,,,,,,298.0,18598,2521,5,364,1,Предобработка данных,28,288,223,4859,6385,Описательные статистики,8123,195
31981,0.32288803371816016,72,False,False,11479,3,5060,11,3,1,1,6270,1,1,code,2.0,256.0,5.0,,True,256.0,8.0,,18423,2521,5,364,1,Предобработка данных,28,288,223,4859,6385,Описательные статистики,8123,195
31988,0.8227887944601826,19,False,False,11479,3,5136,12,3,1,1,6114,1,1,number,,,,,,,,,18429,2521,5,364,1,Предобработка данных,28,288,223,4859,6385,Описательные статистики,8123,195
31986,0.6896868038264972,14,False,False,11479,3,5216,13,3,1,1,5939,1,1,matching,,,,,,,,,18427,2521,5,364,1,Предобработка данных,28,288,223,4859,6385,Описательные статистики,8123,195
32089,0.518164626256594,10,False,False,11479,3,5160,14,3,1,1,5873,1,1,sorting,,,,,,,,,18505,2521,5,364,1,Предобработка данных,28,288,223,4859,6385,Описательные статистики,8123,195
32244,0.3487374940447832,70,False,False,11479,3,4859,15,3,1,1,5996,1,1,code,4.0,256.0,5.0,,True,256.0,8.0,,18707,2521,5,364,1,Предобработка данных,28,288,223,4859,6385,Описательные статистики,8123,195
32954,,5,False,False,11787,3,7151,1,3,1,1,7151,0,0,text,,,,,,,,,19056,2671,6,364,1,Предобработка данных,9,106,159,4895,2443,Описательные статистики. Графики,7151,150
32187,,6,False,False,11787,3,6299,2,3,1,1,6299,0,0,video,,,,,,,,241.0,18599,2671,6,364,1,Предобработка данных,9,106,159,4895,2443,Описательные статистики. Графики,7151,150
32186,,15,False,False,11787,3,6061,3,3,1,1,6061,0,0,video,,,,,,,,362.0,18600,2671,6,364,1,Предобработка данных,9,106,159,4895,2443,Описательные статистики. Графики,7151,150
32188,,18,False,False,11787,3,5904,4,3,1,1,5904,0,0,video,,,,,,,,319.0,18601,2671,6,364,1,Предобработка данных,9,106,159,4895,2443,Описательные статистики. Графики,7151,150
32190,0.581524303916942,15,False,False,11787,3,4895,5,3,1,1,5848,1,1,number,,,,,,,,,18603,2671,6,364,1,Предобработка данных,9,106,159,4895,2443,Описательные статистики. Графики,7151,150
32795,0.43964912280701757,30,False,False,11787,3,4900,6,3,1,1,5675,1,1,code,1.0,256.0,5.0,,True,256.0,5.0,,18917,2671,6,364,1,Предобработка данных,9,106,159,4895,2443,Описательные статистики. Графики,7151,150
32809,0.2699912606510815,8,False,False,11787,3,4905,7,3,1,1,5573,1,1,choice,,,,True,,,,,18934,2671,6,364,1,Предобработка данных,9,106,159,4895,2443,Описательные статистики. Графики,7151,150
32810,0.41387399463806973,9,False,False,11787,3,4904,8,3,1,1,5563,1,1,choice,,,,True,,,,,18936,2671,6,364,1,Предобработка данных,9,106,159,4895,2443,Описательные статистики. Графики,7151,150
32955,,0,False,False,11480,3,6344,1,3,1,1,6344,0,0,text,,,,,,,,,19057,2522,7,364,1,Предобработка данных,0,15,80,5255,489,Сохранение результатов,6344,80
32243,,12,False,False,11480,3,5757,2,3,1,1,5757,0,0,video,,,,,,,,458.0,18705,2522,7,364,1,Предобработка данных,0,15,80,5255,489,Сохранение результатов,6344,80
31991,0.811687318341747,3,False,False,11480,3,5255,3,3,1,1,5585,1,1,choice,,,,False,,,,,18432,2522,7,364,1,Предобработка данных,0,15,80,5255,489,Сохранение результатов,6344,80
33537,,3,False,False,11502,3,6419,1,3,1,1,6419,0,0,text,,,,,,,,,19412,2525,1,365,2,Статистика в R. Часть 1,25,275,142,3340,7200, Анализ номинативных данных ,6419,117
33374,,2,False,False,11502,3,5366,2,3,1,1,5366,0,0,video,,,,,,,,35.0,19282,2525,1,365,2,Статистика в R. Часть 1,25,275,142,3340,7200, Анализ номинативных данных ,6419,117
33373,,7,False,False,11502,3,5145,3,3,1,1,5145,0,0,video,,,,,,,,209.0,19284,2525,1,365,2,Статистика в R. Часть 1,25,275,142,3340,7200, Анализ номинативных данных ,6419,117
33375,,6,False,False,11502,3,4943,4,3,1,1,4943,0,0,video,,,,,,,,393.0,19286,2525,1,365,2,Статистика в R. Часть 1,25,275,142,3340,7200, Анализ номинативных данных ,6419,117
33350,0.3323224261771748,43,False,False,11502,3,3980,5,3,1,1,4933,1,1,code,1.0,256.0,5.0,,True,256.0,5.0,,19260,2525,1,365,2,Статистика в R. Часть 1,25,275,142,3340,7200, Анализ номинативных данных ,6419,117
33362,0.7195963887413701,6,False,False,11502,3,4035,6,3,1,1,4624,1,1,number,,,,,,,,,19273,2525,1,365,2,Статистика в R. Часть 1,25,275,142,3340,7200, Анализ номинативных данных ,6419,117
33371,,3,False,False,11502,3,4676,7,3,1,1,4676,0,0,video,,,,,,,,162.0,19288,2525,1,365,2,Статистика в R. Часть 1,25,275,142,3340,7200, Анализ номинативных данных ,6419,117
33439,0.32160456470995075,94,False,False,11502,3,3606,8,3,1,1,4612,1,1,code,1.0,256.0,5.0,,True,256.0,5.0,,19336,2525,1,365,2,Статистика в R. Часть 1,25,275,142,3340,7200, Анализ номинативных данных ,6419,117
33372,,3,False,False,11502,3,4465,9,3,1,1,4465,0,0,video,,,,,,,,193.0,19290,2525,1,365,2,Статистика в R. Часть 1,25,275,142,3340,7200, Анализ номинативных данных ,6419,117
33376,,8,False,False,11502,3,4359,10,3,1,1,4359,0,0,video,,,,,,,,193.0,19293,2525,1,365,2,Статистика в R. Часть 1,25,275,142,3340,7200, Анализ номинативных данных ,6419,117
33379,,0,False,False,11502,3,4280,11,3,1,1,4280,0,0,video,,,,,,,,70.0,19296,2525,1,365,2,Статистика в R. Часть 1,25,275,142,3340,7200, Анализ номинативных данных ,6419,117
33351,0.4906916700638674,13,False,False,11502,3,3583,12,3,1,1,4236,1,1,number,,,,,,,,,19261,2525,1,365,2,Статистика в R. Часть 1,25,275,142,3340,7200, Анализ номинативных данных ,6419,117
33539,0.47905210788164443,28,False,False,11502,3,3523,13,3,1,1,4136,1,1,code,2.0,256.0,5.0,,True,256.0,5.0,,19416,2525,1,365,2,Статистика в R. Часть 1,25,275,142,3340,7200, Анализ номинативных данных ,6419,117
33540,0.4904241736416513,49,False,False,11502,3,3340,14,3,1,1,4002,1,1,code,2.0,200.0,20.0,,True,200.0,20.0,,19418,2525,1,365,2,Статистика в R. Часть 1,25,275,142,3340,7200, Анализ номинативных данных ,6419,117
33538,0.6928091663374161,5,False,False,11502,3,3442,15,3,1,1,3926,1,1,code,2.0,256.0,5.0,,True,256.0,5.0,,19415,2525,1,365,2,Статистика в R. Часть 1,25,275,142,3340,7200, Анализ номинативных данных ,6419,117
33378,,5,False,False,11502,3,4095,16,3,1,1,4095,0,0,video,,,,,,,,62.0,19300,2525,1,365,2,Статистика в R. Часть 1,25,275,142,3340,7200, Анализ номинативных данных ,6419,117
33476,,2,False,False,11504,3,5027,1,3,1,1,5027,0,0,text,,,,,,,,,19348,2527,2,365,2,Статистика в R. Часть 1,9,197,186,2787,5481,Сравнение двух групп ,5027,177
33118,,1,False,False,11504,3,4299,2,3,1,1,4299,0,0,video,,,,,,,,75.0,19135,2527,2,365,2,Статистика в R. Часть 1,9,197,186,2787,5481,Сравнение двух групп ,5027,177
33119,,1,False,False,11504,3,4179,3,3,1,1,4179,0,0,video,,,,,,,,110.0,19137,2527,2,365,2,Статистика в R. Часть 1,9,197,186,2787,5481,Сравнение двух групп ,5027,177
33121,,6,False,False,11504,3,4122,4,3,1,1,4122,0,0,video,,,,,,,,340.0,19139,2527,2,365,2,Статистика в R. Часть 1,9,197,186,2787,5481,Сравнение двух групп ,5027,177
33123,,8,False,False,11504,3,4039,5,3,1,1,4039,0,0,video,,,,,,,,305.0,19141,2527,2,365,2,Статистика в R. Часть 1,9,197,186,2787,5481,Сравнение двух групп ,5027,177
33120,,2,False,False,11504,3,3958,6,3,1,1,3958,0,0,video,,,,,,,,181.0,19143,2527,2,365,2,Статистика в R. Часть 1,9,197,186,2787,5481,Сравнение двух групп ,5027,177
33122,,1,False,False,11504,3,3900,7,3,1,1,3900,0,0,video,,,,,,,,187.0,19145,2527,2,365,2,Статистика в R. Часть 1,9,197,186,2787,5481,Сравнение двух групп ,5027,177
33124,,2,False,False,11504,3,3854,8,3,1,1,3854,0,0,video,,,,,,,,117.0,19147,2527,2,365,2,Статистика в R. Часть 1,9,197,186,2787,5481,Сравнение двух групп ,5027,177
33493,,5,False,False,11504,3,3842,9,3,1,1,3842,0,0,text,,,,,,,,,19369,2527,2,365,2,Статистика в R. Часть 1,9,197,186,2787,5481,Сравнение двух групп ,5027,177
33415,0.343494271685761,56,False,False,11504,3,3232,10,3,1,1,3914,1,1,code,2.0,256.0,5.0,,True,256.0,5.0,,19318,2527,2,365,2,Статистика в R. Часть 1,9,197,186,2787,5481,Сравнение двух групп ,5027,177
33418,0.6256242796772954,16,False,False,11504,3,3226,11,3,1,1,3744,1,1,number,,,,,,,,,19325,2527,2,365,2,Статистика в R. Часть 1,9,197,186,2787,5481,Сравнение двух групп ,5027,177
33125,,7,False,False,11504,3,3768,12,3,1,1,3768,0,0,video,,,,,,,,222.0,19149,2527,2,365,2,Статистика в R. Часть 1,9,197,186,2787,5481,Сравнение двух групп ,5027,177
33126,,4,False,False,11504,3,3663,13,3,1,1,3663,0,0,video,,,,,,,,194.0,19150,2527,2,365,2,Статистика в R. Часть 1,9,197,186,2787,5481,Сравнение двух групп ,5027,177
33127,,4,False,False,11504,3,3657,14,3,1,1,3657,0,0,video,,,,,,,,291.0,19152,2527,2,365,2,Статистика в R. Часть 1,9,197,186,2787,5481,Сравнение двух групп ,5027,177
33334,0.2754706271875887,63,False,False,11504,3,2787,15,3,1,1,3758,1,1,dataset,,,,,,,,,19252,2527,2,365,2,Статистика в R. Часть 1,9,197,186,2787,5481,Сравнение двух групп ,5027,177
33487,0.6672481465329263,19,False,False,11504,3,2880,16,3,1,1,3570,1,1,dataset,,,,,,,,,19364,2527,2,365,2,Статистика в R. Часть 1,9,197,186,2787,5481,Сравнение двух групп ,5027,177
33489,,0,False,False,11505,3,4610,1,3,1,1,4610,0,0,text,,,,,,,,,19367,2528,3,365,2,Статистика в R. Часть 1,57,153,100,2719,4122,Применение дисперсионного анализа,4610,43
33138,,2,False,False,11505,3,3878,2,3,1,1,3878,0,0,video,,,,,,,,20.0,19163,2528,3,365,2,Статистика в R. Часть 1,57,153,100,2719,4122,Применение дисперсионного анализа,4610,43
33137,,11,False,False,11505,3,3830,3,3,1,1,3830,0,0,video,,,,,,,,155.0,19164,2528,3,365,2,Статистика в R. Часть 1,57,153,100,2719,4122,Применение дисперсионного анализа,4610,43
33481,0.1654623134131547,25,False,False,11505,3,3105,4,3,1,1,3717,1,1,choice,,,,True,,,,,19357,2528,3,365,2,Статистика в R. Часть 1,57,153,100,2719,4122,Применение дисперсионного анализа,4610,43
33139,,8,False,False,11505,3,3670,5,3,1,1,3670,0,0,video,,,,,,,,239.0,19165,2528,3,365,2,Статистика в R. Часть 1,57,153,100,2719,4122,Применение дисперсионного анализа,4610,43
33417,,6,False,False,11505,3,3558,6,3,1,1,3558,0,0,video,,,,,,,,147.0,19323,2528,3,365,2,Статистика в R. Часть 1,57,153,100,2719,4122,Применение дисперсионного анализа,4610,43
33382,,17,False,False,11505,3,3504,7,3,1,1,3504,0,0,video,,,,,,,,176.0,19304,2528,3,365,2,Статистика в R. Часть 1,57,153,100,2719,4122,Применение дисперсионного анализа,4610,43
33480,0.6286139455782312,3,False,False,11505,3,2931,8,3,1,1,3472,1,1,number,,,,,,,,,19356,2528,3,365,2,Статистика в R. Часть 1,57,153,100,2719,4122,Применение дисперсионного анализа,4610,43
33482,0.6725352112676056,7,False,False,11505,3,3038,9,3,1,1,3379,1,1,matching,,,,,,,,,19359,2528,3,365,2,Статистика в R. Часть 1,57,153,100,2719,4122,Применение дисперсионного анализа,4610,43
33140,,4,False,False,11505,3,3448,10,3,1,1,3448,0,0,video,,,,,,,,260.0,19168,2528,3,365,2,Статистика в R. Часть 1,57,153,100,2719,4122,Применение дисперсионного анализа,4610,43
33332,0.449603291213635,4,False,False,11505,3,3041,11,3,1,1,3364,1,1,choice,,,,True,,,,,19249,2528,3,365,2,Статистика в R. Часть 1,57,153,100,2719,4122,Применение дисперсионного анализа,4610,43
33478,,18,False,False,11505,3,3421,12,3,1,1,3421,0,0,video,,,,,,,,639.0,19351,2528,3,365,2,Статистика в R. Часть 1,57,153,100,2719,4122,Применение дисперсионного анализа,4610,43
33420,0.44362969752520626,12,False,False,11505,3,2872,13,3,1,1,3304,1,1,number,,,,,,,,,19328,2528,3,365,2,Статистика в R. Часть 1,57,153,100,2719,4122,Применение дисперсионного анализа,4610,43
33534,0.4462005108556833,8,False,False,11505,3,2774,14,3,1,1,3247,1,1,number,,,,,,,,,19407,2528,3,365,2,Статистика в R. Часть 1,57,153,100,2719,4122,Применение дисперсионного анализа,4610,43
33536,0.5763598326359832,28,False,False,11505,3,2719,15,3,1,1,3340,1,1,code,1.0,256.0,5.0,,True,256.0,5.0,,19411,2528,3,365,2,Статистика в R. Часть 1,57,153,100,2719,4122,Применение дисперсионного анализа,4610,43
33479,,1,False,False,11507,3,4100,1,3,1,1,4100,0,0,text,,,,,,,,,19354,2530,4,365,2,Статистика в R. Часть 1,5,129,130,2563,4567,Создание собственных функций ,4100,125
33145,,1,False,False,11507,3,3431,2,3,1,1,3431,0,0,video,,,,,,,,44.0,19173,2530,4,365,2,Статистика в R. Часть 1,5,129,130,2563,4567,Создание собственных функций ,4100,125
33144,,4,False,False,11507,3,3350,3,3,1,1,3350,0,0,video,,,,,,,,298.0,19175,2530,4,365,2,Статистика в R. Часть 1,5,129,130,2563,4567,Создание собственных функций ,4100,125
33147,,3,False,False,11507,3,3248,4,3,1,1,3248,0,0,video,,,,,,,,295.0,19177,2530,4,365,2,Статистика в R. Часть 1,5,129,130,2563,4567,Создание собственных функций ,4100,125
33146,,2,False,False,11507,3,3202,5,3,1,1,3202,0,0,video,,,,,,,,292.0,19179,2530,4,365,2,Статистика в R. Часть 1,5,129,130,2563,4567,Создание собственных функций ,4100,125
33149,,2,False,False,11507,3,3182,6,3,1,1,3182,0,0,video,,,,,,,,296.0,19181,2530,4,365,2,Статистика в R. Часть 1,5,129,130,2563,4567,Создание собственных функций ,4100,125
33488,0.4685559624263652,26,False,False,11507,3,2846,7,3,1,1,3302,1,1,code,0.0,256.0,5.0,,True,256.0,5.0,,19366,2530,4,365,2,Статистика в R. Часть 1,5,129,130,2563,4567,Создание собственных функций ,4100,125
33413,0.6356284153005465,4,False,False,11507,3,2849,8,3,1,1,3167,1,1,code,0.0,256.0,5.0,,True,256.0,5.0,,19314,2530,4,365,2,Статистика в R. Часть 1,5,129,130,2563,4567,Создание собственных функций ,4100,125
33148,,16,False,False,11507,3,3161,9,3,1,1,3161,0,0,video,,,,,,,,517.0,19183,2530,4,365,2,Статистика в R. Часть 1,5,129,130,2563,4567,Создание собственных функций ,4100,125
33367,0.40170581655480986,21,False,False,11507,3,2800,10,3,1,1,3144,1,1,code,0.0,256.0,5.0,,True,256.0,5.0,,19280,2530,4,365,2,Статистика в R. Часть 1,5,129,130,2563,4567,Создание собственных функций ,4100,125
32796,0.2378889674681754,49,False,False,11507,3,2563,11,3,1,1,3199,1,1,code,0.0,256.0,5.0,,True,256.0,5.0,,18919,2530,4,365,2,Статистика в R. Часть 1,5,129,130,2563,4567,Создание собственных функций ,4100,125
30456,,4,False,False,11508,3,4595,1,3,1,1,4595,0,0,text,,,,,,,,,17384,2531,1,366,3,Статистика в R. Часть 2,9,306,136,2271,10365,Корреляция и простая линейная регрессия (МНК),4595,127
34004,,1,False,False,11508,3,3895,2,3,1,1,3895,0,0,video,,,,,,,,254.0,19827,2531,1,366,3,Статистика в R. Часть 2,9,306,136,2271,10365,Корреляция и простая линейная регрессия (МНК),4595,127
33896,,2,False,False,11508,3,3620,3,3,1,1,3620,0,0,video,,,,,,,,133.0,19690,2531,1,366,3,Статистика в R. Часть 2,9,306,136,2271,10365,Корреляция и простая линейная регрессия (МНК),4595,127
33897,,3,False,False,11508,3,3543,4,3,1,1,3543,0,0,video,,,,,,,,147.0,19692,2531,1,366,3,Статистика в R. Часть 2,9,306,136,2271,10365,Корреляция и простая линейная регрессия (МНК),4595,127
33673,0.2532779316712835,49,False,False,11508,3,2643,5,3,1,1,3507,1,1,code,0.0,256.0,5.0,,True,256.0,5.0,,19465,2531,1,366,3,Статистика в R. Часть 2,9,306,136,2271,10365,Корреляция и простая линейная регрессия (МНК),4595,127
33675,0.21689497716894976,69,False,False,11508,3,2331,6,3,1,1,3275,1,1,code,0.0,256.0,5.0,,True,256.0,5.0,,19468,2531,1,366,3,Статистика в R. Часть 2,9,306,136,2271,10365,Корреляция и простая линейная регрессия (МНК),4595,127
33713,0.19606137298323315,80,False,False,11508,3,2375,7,3,1,1,3132,1,1,code,2.0,256.0,5.0,,True,256.0,8.0,,19541,2531,1,366,3,Статистика в R. Часть 2,9,306,136,2271,10365,Корреляция и простая линейная регрессия (МНК),4595,127
33898,,3,False,False,11508,3,3335,8,3,1,1,3335,0,0,video,,,,,,,,384.0,19694,2531,1,366,3,Статистика в R. Часть 2,9,306,136,2271,10365,Корреляция и простая линейная регрессия (МНК),4595,127
34026,,1,False,False,11508,3,3178,9,3,1,1,3178,0,0,video,,,,,,,,71.0,19846,2531,1,366,3,Статистика в R. Часть 2,9,306,136,2271,10365,Корреляция и простая линейная регрессия (МНК),4595,127
33901,,1,False,False,11508,3,3137,10,3,1,1,3137,0,0,video,,,,,,,,85.0,19696,2531,1,366,3,Статистика в R. Часть 2,9,306,136,2271,10365,Корреляция и простая линейная регрессия (МНК),4595,127
33899,,3,False,False,11508,3,3116,11,3,1,1,3116,0,0,video,,,,,,,,299.0,19698,2531,1,366,3,Статистика в R. Часть 2,9,306,136,2271,10365,Корреляция и простая линейная регрессия (МНК),4595,127
32763,0.6636836027713626,14,False,False,11508,3,2271,12,3,1,1,3058,1,1,dataset,,,,,,,,,18845,2531,1,366,3,Статистика в R. Часть 2,9,306,136,2271,10365,Корреляция и простая линейная регрессия (МНК),4595,127
33674,0.5286491007946466,12,False,False,11508,3,2470,13,3,1,1,2878,1,1,code,2.0,256.0,5.0,,True,256.0,5.0,,19470,2531,1,366,3,Статистика в R. Часть 2,9,306,136,2271,10365,Корреляция и простая линейная регрессия (МНК),4595,127
33677,0.3022378677395021,41,False,False,11508,3,2325,14,3,1,1,2854,1,1,code,3.0,256.0,5.0,,True,256.0,5.0,,19472,2531,1,366,3,Статистика в R. Часть 2,9,306,136,2271,10365,Корреляция и простая линейная регрессия (МНК),4595,127
33676,0.5893243568165424,13,False,False,11508,3,2411,15,3,1,1,2838,1,1,code,1.0,256.0,5.0,,True,256.0,5.0,,19473,2531,1,366,3,Статистика в R. Часть 2,9,306,136,2271,10365,Корреляция и простая линейная регрессия (МНК),4595,127
34005,,10,False,False,11508,3,2840,16,3,1,1,2840,0,0,text,,,,,,,,,19828,2531,1,366,3,Статистика в R. Часть 2,9,306,136,2271,10365,Корреляция и простая линейная регрессия (МНК),4595,127
34027,,1,False,False,11509,3,3669,1,3,1,1,3669,0,0,text,,,,,,,,,19848,2532,2,366,3,Статистика в R. Часть 2,19,200,89,2029,6081,Множественная линейная регрессия,3669,70
33976,,1,False,False,11509,3,3138,2,3,1,1,3138,0,0,video,,,,,,,,15.0,19807,2532,2,366,3,Статистика в R. Часть 2,19,200,89,2029,6081,Множественная линейная регрессия,3669,70
33929,,2,False,False,11509,3,3077,3,3,1,1,3077,0,0,video,,,,,,,,101.0,19720,2532,2,366,3,Статистика в R. Часть 2,19,200,89,2029,6081,Множественная линейная регрессия,3669,70
34010,,1,False,False,11509,3,3060,4,3,1,1,3060,0,0,video,,,,,,,,227.0,19831,2532,2,366,3,Статистика в R. Часть 2,19,200,89,2029,6081,Множественная линейная регрессия,3669,70
33025,0.1939225029218736,118,False,False,11509,3,2029,5,3,1,1,3018,1,1,code,0.0,256.0,5.0,,True,256.0,5.0,,19090,2532,2,366,3,Статистика в R. Часть 2,19,200,89,2029,6081,Множественная линейная регрессия,3669,70
33079,0.4065591791865152,18,False,False,11509,3,2189,6,3,1,1,2728,1,1,code,3.0,256.0,5.0,,True,256.0,5.0,,19126,2532,2,366,3,Статистика в R. Часть 2,19,200,89,2029,6081,Множественная линейная регрессия,3669,70
33681,0.6439775910364146,5,False,False,11509,3,2280,7,3,1,1,2762,1,1,number,,,,,,,,,19476,2532,2,366,3,Статистика в R. Часть 2,19,200,89,2029,6081,Множественная линейная регрессия,3669,70
33930,,11,False,False,11509,3,2912,8,3,1,1,2912,0,0,video,,,,,,,,550.0,19722,2532,2,366,3,Статистика в R. Часть 2,19,200,89,2029,6081,Множественная линейная регрессия,3669,70
33999,,0,False,False,11509,3,2726,9,3,1,1,2726,0,0,text,,,,,,,,,19823,2532,2,366,3,Статистика в R. Часть 2,19,200,89,2029,6081,Множественная линейная регрессия,3669,70
33934,,3,False,False,11509,3,2769,10,3,1,1,2769,0,0,video,,,,,,,,199.0,19724,2532,2,366,3,Статистика в R. Часть 2,19,200,89,2029,6081,Множественная линейная регрессия,3669,70
33935,,8,False,False,11509,3,2739,11,3,1,1,2739,0,0,video,,,,,,,,200.0,19727,2532,2,366,3,Статистика в R. Часть 2,19,200,89,2029,6081,Множественная линейная регрессия,3669,70
34024,,10,False,False,11509,3,2646,12,3,1,1,2646,0,0,text,,,,,,,,,19843,2532,2,366,3,Статистика в R. Часть 2,19,200,89,2029,6081,Множественная линейная регрессия,3669,70
33684,0.44667783361250696,2,False,False,11509,3,2385,13,3,1,1,2665,1,1,choice,,,,True,,,,,19482,2532,2,366,3,Статистика в R. Часть 2,19,200,89,2029,6081,Множественная линейная регрессия,3669,70
33685,0.2724864539434076,14,False,False,11509,3,2247,14,3,1,1,2660,1,1,choice,,,,True,,,,,19483,2532,2,366,3,Статистика в R. Часть 2,19,200,89,2029,6081,Множественная линейная регрессия,3669,70
33686,0.5833548054625096,6,False,False,11509,3,2243,15,3,1,1,2674,1,1,code,1.0,256.0,5.0,,True,256.0,5.0,,19485,2532,2,366,3,Статистика в R. Часть 2,19,200,89,2029,6081,Множественная линейная регрессия,3669,70
33977,,0,False,False,12087,3,3360,1,3,1,1,3360,0,0,text,,,,,,,,,19817,2740,3,366,3,Статистика в R. Часть 2,6,40,55,2225,1373,Множественная линейная регрессия. Отбор моделей,3360,49
33981,,8,False,False,12087,3,2883,2,3,1,1,2883,0,0,video,,,,,,,,270.0,19818,2740,3,366,3,Статистика в R. Часть 2,6,40,55,2225,1373,Множественная линейная регрессия. Отбор моделей,3360,49
33982,,7,False,False,12087,3,2767,3,3,1,1,2767,0,0,video,,,,,,,,219.0,19819,2740,3,366,3,Статистика в R. Часть 2,6,40,55,2225,1373,Множественная линейная регрессия. Отбор моделей,3360,49
33983,0.5667783628530397,11,False,False,12087,3,2285,4,3,1,1,2696,1,1,code,2.0,256.0,5.0,,True,256.0,5.0,,19820,2740,3,366,3,Статистика в R. Часть 2,6,40,55,2225,1373,Множественная линейная регрессия. Отбор моделей,3360,49
33984,0.6431428571428571,3,False,False,12087,3,2243,5,3,1,1,2605,1,1,number,,,,,,,,,19821,2740,3,366,3,Статистика в R. Часть 2,6,40,55,2225,1373,Множественная линейная регрессия. Отбор моделей,3360,49
34041,0.544026653974298,11,False,False,12087,3,2225,6,3,1,1,2595,1,1,code,1.0,256.0,5.0,,True,256.0,5.0,,19854,2740,3,366,3,Статистика в R. Часть 2,6,40,55,2225,1373,Множественная линейная регрессия. Отбор моделей,3360,49
30462,,1,False,False,11510,3,3322,1,3,1,1,3322,0,0,text,,,,,,,,,17390,2533,4,366,3,Статистика в R. Часть 2,9,76,51,2039,2344, Диагностика модели,3322,42
33939,,1,False,False,11510,3,2819,2,3,1,1,2819,0,0,video,,,,,,,,45.0,19733,2533,4,366,3,Статистика в R. Часть 2,9,76,51,2039,2344, Диагностика модели,3322,42
33913,,0,False,False,11510,3,2740,3,3,1,1,2740,0,0,video,,,,,,,,78.0,19706,2533,4,366,3,Статистика в R. Часть 2,9,76,51,2039,2344, Диагностика модели,3322,42
33914,,1,False,False,11510,3,2689,4,3,1,1,2689,0,0,video,,,,,,,,50.0,19708,2533,4,366,3,Статистика в R. Часть 2,9,76,51,2039,2344, Диагностика модели,3322,42
33915,,5,False,False,11510,3,2684,5,3,1,1,2684,0,0,video,,,,,,,,84.0,19711,2533,4,366,3,Статистика в R. Часть 2,9,76,51,2039,2344, Диагностика модели,3322,42
33731,0.39490763854218675,3,False,False,11510,3,2364,6,3,1,1,2698,1,1,choice,,,,True,,,,,19555,2533,4,366,3,Статистика в R. Часть 2,9,76,51,2039,2344, Диагностика модели,3322,42
33732,0.43412698412698414,22,False,False,11510,3,2118,7,3,1,1,2666,1,1,code,0.0,256.0,5.0,,True,256.0,5.0,,19556,2533,4,366,3,Статистика в R. Часть 2,9,76,51,2039,2344, Диагностика модели,3322,42
33733,,7,False,False,11510,3,2568,8,3,1,1,2568,0,0,text,,,,,,,,,19558,2533,4,366,3,Статистика в R. Часть 2,9,76,51,2039,2344, Диагностика модели,3322,42
33734,0.5073915116833572,36,False,False,11510,3,2039,9,3,1,1,2613,1,1,code,1.0,256.0,5.0,,True,256.0,5.0,,19561,2533,4,366,3,Статистика в R. Часть 2,9,76,51,2039,2344, Диагностика модели,3322,42
33985,,1,False,False,12088,3,3142,1,3,1,1,3142,0,0,text,,,,,,,,,19809,2739,5,366,3,Статистика в R. Часть 2,25,111,57,1675,5373, Диагностика модели. Продолжение,3142,32
33990,,6,False,False,12088,3,2684,2,3,1,1,2684,0,0,video,,,,,,,,339.0,19810,2739,5,366,3,Статистика в R. Часть 2,25,111,57,1675,5373, Диагностика модели. Продолжение,3142,32
33988,,5,False,False,12088,3,2541,3,3,1,1,2541,0,0,video,,,,,,,,126.0,19811,2739,5,366,3,Статистика в R. Часть 2,25,111,57,1675,5373, Диагностика модели. Продолжение,3142,32
33989,,7,False,False,12088,3,2541,4,3,1,1,2541,0,0,video,,,,,,,,77.0,19812,2739,5,366,3,Статистика в R. Часть 2,25,111,57,1675,5373, Диагностика модели. Продолжение,3142,32
33998,0.614157238178126,14,False,False,12088,3,2107,5,3,1,1,2549,1,1,number,,,,,,,,,19822,2739,5,366,3,Статистика в R. Часть 2,25,111,57,1675,5373, Диагностика модели. Продолжение,3142,32
33991,,4,False,False,12088,3,2529,6,3,1,1,2529,0,0,video,,,,,,,,80.0,19814,2739,5,366,3,Статистика в R. Часть 2,25,111,57,1675,5373, Диагностика модели. Продолжение,3142,32
33992,0.3862822687017147,28,False,False,12088,3,1994,7,3,1,1,2511,1,1,code,1.0,256.0,5.0,,True,256.0,5.0,,19815,2739,5,366,3,Статистика в R. Часть 2,25,111,57,1675,5373, Диагностика модели. Продолжение,3142,32
33994,0.3609467455621302,46,False,False,12088,3,1675,8,3,1,1,2503,1,1,code,0.0,256.0,5.0,,True,256.0,5.0,,19816,2739,5,366,3,Статистика в R. Часть 2,25,111,57,1675,5373, Диагностика модели. Продолжение,3142,32
33894,,2,False,False,10226,3,3876,1,3,1,1,3876,0,0,text,,,,,,,,,19680,2535,6,366,3,Статистика в R. Часть 2,2,69,116,1902,4858,Логистическая регрессия,3876,114
33891,,3,False,False,10226,3,3039,2,3,1,1,3039,0,0,video,,,,,,,,335.0,19682,2535,6,366,3,Статистика в R. Часть 2,2,69,116,1902,4858,Логистическая регрессия,3876,114
33893,,6,False,False,10226,3,2803,3,3,1,1,2803,0,0,video,,,,,,,,480.0,19684,2535,6,366,3,Статистика в R. Часть 2,2,69,116,1902,4858,Логистическая регрессия,3876,114
33892,,4,False,False,10226,3,2707,4,3,1,1,2707,0,0,video,,,,,,,,290.0,19686,2535,6,366,3,Статистика в R. Часть 2,2,69,116,1902,4858,Логистическая регрессия,3876,114
33874,0.6065666572318144,6,False,False,10226,3,2115,5,3,1,1,2704,1,1,code,2.0,256.0,5.0,,True,256.0,5.0,,19662,2535,6,366,3,Статистика в R. Часть 2,2,69,116,1902,4858,Логистическая регрессия,3876,114
33890,0.6075174825174825,5,False,False,10226,3,2057,6,3,1,1,2580,1,1,code,1.0,256.0,5.0,,True,256.0,5.0,,19679,2535,6,366,3,Статистика в R. Часть 2,2,69,116,1902,4858,Логистическая регрессия,3876,114
33895,,10,False,False,10226,3,2609,7,3,1,1,2609,0,0,video,,,,,,,,680.0,19688,2535,6,366,3,Статистика в R. Часть 2,2,69,116,1902,4858,Логистическая регрессия,3876,114
33906,,4,False,False,10226,3,2504,8,3,1,1,2504,0,0,video,,,,,,,,200.0,19705,2535,6,366,3,Статистика в R. Часть 2,2,69,116,1902,4858,Логистическая регрессия,3876,114
33669,0.3379839553540286,30,False,False,10226,3,1902,9,3,1,1,2616,1,1,number,,,,,,,,,19463,2535,6,366,3,Статистика в R. Часть 2,2,69,116,1902,4858,Логистическая регрессия,3876,114
30465,,2,False,False,11511,3,3149,1,3,1,1,3149,0,0,text,,,,,,,,,17393,2534,7,366,3,Статистика в R. Часть 2,0,8,34,2609,263, Экспорт результатов анализа из R,3149,34
33902,,6,False,False,11511,3,2609,2,3,1,1,2609,0,0,video,,,,,,,,254.0,19703,2534,7,366,3,Статистика в R. Часть 2,0,8,34,2609,263, Экспорт результатов анализа из R,3149,34
34009,,66,False,False,12091,3,3123,1,3,1,1,3123,0,0,video,,,,,,,,20.0,19830,2741,8,366,3,Статистика в R. Часть 2,0,135,116,1980,72,Заключение,3123,116
109765,,2,False,False,12091,3,1980,2,3,1,1,1980,0,0,text,,,,,,,,,64729,2741,8,366,3,Статистика в R. Часть 2,0,135,116,1980,72,Заключение,3123,116
34049,,17,False,False,12091,3,2389,3,3,1,1,2389,0,0,text,,,,,,,,,19855,2741,8,366,3,Статистика в R. Часть 2,0,135,116,1980,72,Заключение,3123,116
34050,,14,False,False,12091,3,2370,4,3,1,1,2370,0,0,text,,,,,,,,,19856,2741,8,366,3,Статистика в R. Часть 2,0,135,116,1980,72,Заключение,3123,116
34051,,27,False,False,12091,3,2307,5,3,1,1,2307,0,0,text,,,,,,,,,19857,2741,8,366,3,Статистика в R. Часть 2,0,135,116,1980,72,Заключение,3123,116
34052,,9,False,False,12091,3,2305,6,3,1,1,2305,0,0,text,,,,,,,,,19858,2741,8,366,3,Статистика в R. Часть 2,0,135,116,1980,72,Заключение,3123,116
